date,day_of_week,weekend,holiday_school,holiday_bank
2018-08-01,Wed,Weekday,Holiday,No
2018-08-02,Thu,Weekday,Holiday,No
2018-08-03,Fri,Weekday,Holiday,No
2018-08-04,Sat,Weekend,Holiday,No
2018-08-05,Sun,Weekend,Holiday,No
2018-08-06,Mon,Weekday,Holiday,No
2018-08-07,Tue,Weekday,Holiday,No
2018-08-08,Wed,Weekday,Holiday,No
2018-08-09,Thu,Weekday,Holiday,No
2018-08-10,Fri,Weekday,Holiday,No
2018-08-11,Sat,Weekend,Holiday,No
2018-08-12,Sun,Weekend,Holiday,No
2018-08-13,Mon,Weekday,Holiday,No
2018-08-14,Tue,Weekday,Holiday,No
2018-08-15,Wed,Weekday,Holiday,No
2018-08-16,Thu,Weekday,Holiday,No
2018-08-17,Fri,Weekday,Holiday,No
2018-08-18,Sat,Weekend,Holiday,No
2018-08-19,Sun,Weekend,Holiday,No
2018-08-20,Mon,Weekday,Holiday,No
2018-08-21,Tue,Weekday,Holiday,No
2018-08-22,Wed,Weekday,Holiday,No
2018-08-23,Thu,Weekday,Holiday,No
2018-08-24,Fri,Weekday,Holiday,No
2018-08-25,Sat,Weekend,Holiday,No
2018-08-26,Sun,Weekend,Holiday,No
2018-08-27,Mon,Weekday,Holiday,Bank-Holiday
2018-08-28,Tue,Weekday,Holiday,No
2018-08-29,Wed,Weekday,Holiday,No
2018-08-30,Thu,Weekday,Holiday,No
2018-08-31,Fri,Weekday,Holiday,No
2018-09-01,Sat,Weekend,Holiday,No
2018-09-02,Sun,Weekend,Holiday,No
2018-09-03,Mon,Weekday,Term_time,No
2018-09-04,Tue,Weekday,Term_time,No
2018-09-05,Wed,Weekday,Term_time,No
2018-09-06,Thu,Weekday,Term_time,No
2018-09-07,Fri,Weekday,Term_time,No
2018-09-08,Sat,Weekend,Term_time,No
2018-09-09,Sun,Weekend,Term_time,No
2018-09-10,Mon,Weekday,Term_time,No
2018-09-11,Tue,Weekday,Term_time,No
2018-09-12,Wed,Weekday,Term_time,No
2018-09-13,Thu,Weekday,Term_time,No
2018-09-14,Fri,Weekday,Term_time,No
2018-09-15,Sat,Weekend,Term_time,No
2018-09-16,Sun,Weekend,Term_time,No
2018-09-17,Mon,Weekday,Term_time,No
2018-09-18,Tue,Weekday,Term_time,No
2018-09-19,Wed,Weekday,Term_time,No
2018-09-20,Thu,Weekday,Term_time,No
2018-09-21,Fri,Weekday,Term_time,No
2018-09-22,Sat,Weekend,Term_time,No
2018-09-23,Sun,Weekend,Term_time,No
2018-09-24,Mon,Weekday,Term_time,No
2018-09-25,Tue,Weekday,Term_time,No
2018-09-26,Wed,Weekday,Term_time,No
2018-09-27,Thu,Weekday,Term_time,No
2018-09-28,Fri,Weekday,Term_time,No
2018-09-29,Sat,Weekend,Term_time,No
2018-09-30,Sun,Weekend,Term_time,No
2018-10-01,Mon,Weekday,Term_time,No
2018-10-02,Tue,Weekday,Term_time,No
2018-10-03,Wed,Weekday,Term_time,No
2018-10-04,Thu,Weekday,Term_time,No
2018-10-05,Fri,Weekday,Term_time,No
2018-10-06,Sat,Weekend,Term_time,No
2018-10-07,Sun,Weekend,Term_time,No
2018-10-08,Mon,Weekday,Term_time,No
2018-10-09,Tue,Weekday,Term_time,No
2018-10-10,Wed,Weekday,Term_time,No
2018-10-11,Thu,Weekday,Term_time,No
2018-10-12,Fri,Weekday,Term_time,No
2018-10-13,Sat,Weekend,Term_time,No
2018-10-14,Sun,Weekend,Term_time,No
2018-10-15,Mon,Weekday,Term_time,No
2018-10-16,Tue,Weekday,Term_time,No
2018-10-17,Wed,Weekday,Term_time,No
2018-10-18,Thu,Weekday,Term_time,No
2018-10-19,Fri,Weekday,Term_time,No
2018-10-20,Sat,Weekend,Term_time,No
2018-10-21,Sun,Weekend,Term_time,No
2018-10-22,Mon,Weekday,Term_time,No
2018-10-23,Tue,Weekday,Term_time,No
2018-10-24,Wed,Weekday,Term_time,No
2018-10-25,Thu,Weekday,Term_time,No
2018-10-26,Fri,Weekday,Term_time,No
2018-10-27,Sat,Weekend,Holiday,No
2018-10-28,Sun,Weekend,Holiday,No
2018-10-29,Mon,Weekday,Holiday,No
2018-10-30,Tue,Weekday,Holiday,No
2018-10-31,Wed,Weekday,Holiday,No
2018-11-01,Thu,Weekday,Holiday,No
2018-11-02,Fri,Weekday,Holiday,No
2018-11-03,Sat,Weekend,Holiday,No
2018-11-04,Sun,Weekend,Holiday,No
2018-11-05,Mon,Weekday,Term_time,No
2018-11-06,Tue,Weekday,Term_time,No
2018-11-07,Wed,Weekday,Term_time,No
2018-11-08,Thu,Weekday,Term_time,No
2018-11-09,Fri,Weekday,Term_time,No
2018-11-10,Sat,Weekend,Term_time,No
2018-11-11,Sun,Weekend,Term_time,No
2018-11-12,Mon,Weekday,Term_time,No
2018-11-13,Tue,Weekday,Term_time,No
2018-11-14,Wed,Weekday,Term_time,No
2018-11-15,Thu,Weekday,Term_time,No
2018-11-16,Fri,Weekday,Term_time,No
2018-11-17,Sat,Weekend,Term_time,No
2018-11-18,Sun,Weekend,Term_time,No
2018-11-19,Mon,Weekday,Term_time,No
2018-11-20,Tue,Weekday,Term_time,No
2018-11-21,Wed,Weekday,Term_time,No
2018-11-22,Thu,Weekday,Term_time,No
2018-11-23,Fri,Weekday,Term_time,No
2018-11-24,Sat,Weekend,Term_time,No
2018-11-25,Sun,Weekend,Term_time,No
2018-11-26,Mon,Weekday,Term_time,No
2018-11-27,Tue,Weekday,Term_time,No
2018-11-28,Wed,Weekday,Term_time,No
2018-11-29,Thu,Weekday,Term_time,No
2018-11-30,Fri,Weekday,Term_time,No
2018-12-01,Sat,Weekend,Term_time,No
2018-12-02,Sun,Weekend,Term_time,No
2018-12-03,Mon,Weekday,Term_time,No
2018-12-04,Tue,Weekday,Term_time,No
2018-12-05,Wed,Weekday,Term_time,No
2018-12-06,Thu,Weekday,Term_time,No
2018-12-07,Fri,Weekday,Term_time,No
2018-12-08,Sat,Weekend,Term_time,No
2018-12-09,Sun,Weekend,Term_time,No
2018-12-10,Mon,Weekday,Term_time,No
2018-12-11,Tue,Weekday,Term_time,No
2018-12-12,Wed,Weekday,Term_time,No
2018-12-13,Thu,Weekday,Term_time,No
2018-12-14,Fri,Weekday,Term_time,No
2018-12-15,Sat,Weekend,Term_time,No
2018-12-16,Sun,Weekend,Term_time,No
2018-12-17,Mon,Weekday,Term_time,No
2018-12-18,Tue,Weekday,Term_time,No
2018-12-19,Wed,Weekday,Term_time,No
2018-12-20,Thu,Weekday,Term_time,No
2018-12-21,Fri,Weekday,Term_time,No
2018-12-22,Sat,Weekend,Holiday,No
2018-12-23,Sun,Weekend,Holiday,No
2018-12-24,Mon,Weekday,Holiday,No
2018-12-25,Tue,Weekday,Holiday,Bank-Holiday
2018-12-26,Wed,Weekday,Holiday,Bank-Holiday
2018-12-27,Thu,Weekday,Holiday,No
2018-12-28,Fri,Weekday,Holiday,No
2018-12-29,Sat,Weekend,Holiday,No
2018-12-30,Sun,Weekend,Holiday,No
2018-12-31,Mon,Weekday,Holiday,No
2019-01-01,Tue,Weekday,Holiday,Bank-Holiday
2019-01-02,Wed,Weekday,Holiday,No
2019-01-03,Thu,Weekday,Holiday,No
2019-01-04,Fri,Weekday,Holiday,No
2019-01-05,Sat,Weekend,Holiday,No
2019-01-06,Sun,Weekend,Holiday,No
2019-01-07,Mon,Weekday,Term_time,No
2019-01-08,Tue,Weekday,Term_time,No
2019-01-09,Wed,Weekday,Term_time,No
2019-01-10,Thu,Weekday,Term_time,No
2019-01-11,Fri,Weekday,Term_time,No
2019-01-12,Sat,Weekend,Term_time,No
2019-01-13,Sun,Weekend,Term_time,No
2019-01-14,Mon,Weekday,Term_time,No
2019-01-15,Tue,Weekday,Term_time,No
2019-01-16,Wed,Weekday,Term_time,No
2019-01-17,Thu,Weekday,Term_time,No
2019-01-18,Fri,Weekday,Term_time,No
2019-01-19,Sat,Weekend,Term_time,No
2019-01-20,Sun,Weekend,Term_time,No
2019-01-21,Mon,Weekday,Term_time,No
2019-01-22,Tue,Weekday,Term_time,No
2019-01-23,Wed,Weekday,Term_time,No
2019-01-24,Thu,Weekday,Term_time,No
2019-01-25,Fri,Weekday,Term_time,No
2019-01-26,Sat,Weekend,Term_time,No
2019-01-27,Sun,Weekend,Term_time,No
2019-01-28,Mon,Weekday,Term_time,No
2019-01-29,Tue,Weekday,Term_time,No
2019-01-30,Wed,Weekday,Term_time,No
2019-01-31,Thu,Weekday,Term_time,No
2019-02-01,Fri,Weekday,Term_time,No
2019-02-02,Sat,Weekend,Term_time,No
2019-02-03,Sun,Weekend,Term_time,No
2019-02-04,Mon,Weekday,Term_time,No
2019-02-05,Tue,Weekday,Term_time,No
2019-02-06,Wed,Weekday,Term_time,No
2019-02-07,Thu,Weekday,Term_time,No
2019-02-08,Fri,Weekday,Term_time,No
2019-02-09,Sat,Weekend,Term_time,No
2019-02-10,Sun,Weekend,Term_time,No
2019-02-11,Mon,Weekday,Term_time,No
2019-02-12,Tue,Weekday,Term_time,No
2019-02-13,Wed,Weekday,Term_time,No
2019-02-14,Thu,Weekday,Term_time,No
2019-02-15,Fri,Weekday,Term_time,No
2019-02-16,Sat,Weekend,Holiday,No
2019-02-17,Sun,Weekend,Holiday,No
2019-02-18,Mon,Weekday,Holiday,No
2019-02-19,Tue,Weekday,Holiday,No
2019-02-20,Wed,Weekday,Holiday,No
2019-02-21,Thu,Weekday,Holiday,No
2019-02-22,Fri,Weekday,Holiday,No
2019-02-23,Sat,Weekend,Holiday,No
2019-02-24,Sun,Weekend,Holiday,No
2019-02-25,Mon,Weekday,Term_time,No
2019-02-26,Tue,Weekday,Term_time,No
2019-02-27,Wed,Weekday,Term_time,No
2019-02-28,Thu,Weekday,Term_time,No
2019-03-01,Fri,Weekday,Term_time,No
2019-03-02,Sat,Weekend,Term_time,No
2019-03-03,Sun,Weekend,Term_time,No
2019-03-04,Mon,Weekday,Term_time,No
2019-03-05,Tue,Weekday,Term_time,No
2019-03-06,Wed,Weekday,Term_time,No
2019-03-07,Thu,Weekday,Term_time,No
2019-03-08,Fri,Weekday,Term_time,No
2019-03-09,Sat,Weekend,Term_time,No
2019-03-10,Sun,Weekend,Term_time,No
2019-03-11,Mon,Weekday,Term_time,No
2019-03-12,Tue,Weekday,Term_time,No
2019-03-13,Wed,Weekday,Term_time,No
2019-03-14,Thu,Weekday,Term_time,No
2019-03-15,Fri,Weekday,Term_time,No
2019-03-16,Sat,Weekend,Term_time,No
2019-03-17,Sun,Weekend,Term_time,No
2019-03-18,Mon,Weekday,Term_time,No
2019-03-19,Tue,Weekday,Term_time,No
2019-03-20,Wed,Weekday,Term_time,No
2019-03-21,Thu,Weekday,Term_time,No
2019-03-22,Fri,Weekday,Term_time,No
2019-03-23,Sat,Weekend,Term_time,No
2019-03-24,Sun,Weekend,Term_time,No
2019-03-25,Mon,Weekday,Term_time,No
2019-03-26,Tue,Weekday,Term_time,No
2019-03-27,Wed,Weekday,Term_time,No
2019-03-28,Thu,Weekday,Term_time,No
2019-03-29,Fri,Weekday,Term_time,No
2019-03-30,Sat,Weekend,Term_time,No
2019-03-31,Sun,Weekend,Term_time,No
2019-04-01,Mon,Weekday,Term_time,No
2019-04-02,Tue,Weekday,Term_time,No
2019-04-03,Wed,Weekday,Term_time,No
2019-04-04,Thu,Weekday,Term_time,No
2019-04-05,Fri,Weekday,Term_time,No
2019-04-06,Sat,Weekend,Holiday,No
2019-04-07,Sun,Weekend,Holiday,No
2019-04-08,Mon,Weekday,Holiday,No
2019-04-09,Tue,Weekday,Holiday,No
2019-04-10,Wed,Weekday,Holiday,No
2019-04-11,Thu,Weekday,Holiday,No
2019-04-12,Fri,Weekday,Holiday,No
2019-04-13,Sat,Weekend,Holiday,No
2019-04-14,Sun,Weekend,Holiday,No
2019-04-15,Mon,Weekday,Holiday,No
2019-04-16,Tue,Weekday,Holiday,No
2019-04-17,Wed,Weekday,Holiday,No
2019-04-18,Thu,Weekday,Holiday,No
2019-04-19,Fri,Weekday,Holiday,Bank-Holiday
2019-04-20,Sat,Weekend,Holiday,No
2019-04-21,Sun,Weekend,Holiday,No
2019-04-22,Mon,Weekday,Holiday,Bank-Holiday
2019-04-23,Tue,Weekday,Term_time,No
2019-04-24,Wed,Weekday,Term_time,No
2019-04-25,Thu,Weekday,Term_time,No
2019-04-26,Fri,Weekday,Term_time,No
2019-04-27,Sat,Weekend,Term_time,No
2019-04-28,Sun,Weekend,Term_time,No
2019-04-29,Mon,Weekday,Term_time,No
2019-04-30,Tue,Weekday,Term_time,No
2019-05-01,Wed,Weekday,Term_time,No
2019-05-02,Thu,Weekday,Term_time,No
2019-05-03,Fri,Weekday,Term_time,No
2019-05-04,Sat,Weekend,Term_time,No
2019-05-05,Sun,Weekend,Term_time,No
2019-05-06,Mon,Weekday,Term_time,Bank-Holiday
2019-05-07,Tue,Weekday,Term_time,No
2019-05-08,Wed,Weekday,Term_time,No
2019-05-09,Thu,Weekday,Term_time,No
2019-05-10,Fri,Weekday,Term_time,No
2019-05-11,Sat,Weekend,Term_time,No
2019-05-12,Sun,Weekend,Term_time,No
2019-05-13,Mon,Weekday,Term_time,No
2019-05-14,Tue,Weekday,Term_time,No
2019-05-15,Wed,Weekday,Term_time,No
2019-05-16,Thu,Weekday,Term_time,No
2019-05-17,Fri,Weekday,Term_time,No
2019-05-18,Sat,Weekend,Term_time,No
2019-05-19,Sun,Weekend,Term_time,No
2019-05-20,Mon,Weekday,Term_time,No
2019-05-21,Tue,Weekday,Term_time,No
2019-05-22,Wed,Weekday,Term_time,No
2019-05-23,Thu,Weekday,Term_time,No
2019-05-24,Fri,Weekday,Term_time,No
2019-05-25,Sat,Weekend,Holiday,No
2019-05-26,Sun,Weekend,Holiday,No
2019-05-27,Mon,Weekday,Holiday,Bank-Holiday
2019-05-28,Tue,Weekday,Holiday,No
2019-05-29,Wed,Weekday,Holiday,No
2019-05-30,Thu,Weekday,Holiday,No
2019-05-31,Fri,Weekday,Holiday,No
2019-06-01,Sat,Weekend,Holiday,No
2019-06-02,Sun,Weekend,Holiday,No
2019-06-03,Mon,Weekday,Term_time,No
2019-06-04,Tue,Weekday,Term_time,No
2019-06-05,Wed,Weekday,Term_time,No
2019-06-06,Thu,Weekday,Term_time,No
2019-06-07,Fri,Weekday,Term_time,No
2019-06-08,Sat,Weekend,Term_time,No
2019-06-09,Sun,Weekend,Term_time,No
2019-06-10,Mon,Weekday,Term_time,No
2019-06-11,Tue,Weekday,Term_time,No
2019-06-12,Wed,Weekday,Term_time,No
2019-06-13,Thu,Weekday,Term_time,No
2019-06-14,Fri,Weekday,Term_time,No
2019-06-15,Sat,Weekend,Term_time,No
2019-06-16,Sun,Weekend,Term_time,No
2019-06-17,Mon,Weekday,Term_time,No
2019-06-18,Tue,Weekday,Term_time,No
2019-06-19,Wed,Weekday,Term_time,No
2019-06-20,Thu,Weekday,Term_time,No
2019-06-21,Fri,Weekday,Term_time,No
2019-06-22,Sat,Weekend,Term_time,No
2019-06-23,Sun,Weekend,Term_time,No
2019-06-24,Mon,Weekday,Term_time,No
2019-06-25,Tue,Weekday,Term_time,No
2019-06-26,Wed,Weekday,Term_time,No
2019-06-27,Thu,Weekday,Term_time,No
2019-06-28,Fri,Weekday,Term_time,No
2019-06-29,Sat,Weekend,Term_time,No
2019-06-30,Sun,Weekend,Term_time,No
2019-07-01,Mon,Weekday,Term_time,No
2019-07-02,Tue,Weekday,Term_time,No
2019-07-03,Wed,Weekday,Term_time,No
2019-07-04,Thu,Weekday,Term_time,No
2019-07-05,Fri,Weekday,Term_time,No
2019-07-06,Sat,Weekend,Term_time,No
2019-07-07,Sun,Weekend,Term_time,No
2019-07-08,Mon,Weekday,Term_time,No
2019-07-09,Tue,Weekday,Term_time,No
2019-07-10,Wed,Weekday,Term_time,No
2019-07-11,Thu,Weekday,Term_time,No
2019-07-12,Fri,Weekday,Term_time,No
2019-07-13,Sat,Weekend,Term_time,No
2019-07-14,Sun,Weekend,Term_time,No
2019-07-15,Mon,Weekday,Term_time,No
2019-07-16,Tue,Weekday,Term_time,No
2019-07-17,Wed,Weekday,Term_time,No
2019-07-18,Thu,Weekday,Term_time,No
2019-07-19,Fri,Weekday,Term_time,No
2019-07-20,Sat,Weekend,Term_time,No
2019-07-21,Sun,Weekend,Term_time,No
2019-07-22,Mon,Weekday,Term_time,No
2019-07-23,Tue,Weekday,Term_time,No
2019-07-24,Wed,Weekday,Holiday,No
2019-07-25,Thu,Weekday,Holiday,No
2019-07-26,Fri,Weekday,Holiday,No
2019-07-27,Sat,Weekend,Holiday,No
2019-07-28,Sun,Weekend,Holiday,No
2019-07-29,Mon,Weekday,Holiday,No
2019-07-30,Tue,Weekday,Holiday,No
2019-07-31,Wed,Weekday,Holiday,No
