"","location_name","mean_no2","exceedance"
"1","Trailer Portway P&R",24.4,43824
"2","Brislington Depot",26.3,162971
"3","AURN St Pauls",28.3,115139
"4","Cheltenham Rd",34.5,22071
"5","Bath Road",38.7,62990
"6","Temple Way",40.4,20553
"7","Fishponds Road",41.1,90945
"8","Shiner's Garage",42,74787
"9","Wells Rd",44,142001
"10","Parson Street School",47.7,154189
"11","Newfoundland Rd",54.4,96407
"12","IKEA M32",61.2,25464
"13","Temple Meads Station",63.2,6446
"14","Colston Avenue",65.7,12284
"15","Rupert Street",93.1,113951
"16","AQ Mesh Temple Way",NA,2712
